{
"Persons": 
[
  {
    "secIdentifier": "sec123",
    "type": "J",
    "code": "the1",
    "lastName": " Harry",
    "firstName": "Potter",
    "address": {
      "street": "4 Privet Drive",
      "city": "Little Winging",
      "state": "Surrey",
      "zipcode": "England",
      "country": "77777"
    },
    "emails": [
      "theboywholived@scar.com",
      "lightningboy@darkmark.com"
    ]
  },
  {
    "secIdentifier": "sec998",
    "type": "E",
    "code": "not3xp3l",
    "lastName": " Hermione",
    "firstName": "Granger",
    "address": {
      "street": "234 Perfection Lane",
      "city": "Toronto",
      "state": "ON",
      "zipcode": "Canada",
      "country": "M4W 2V3"
    },
    "emails": [
      "flitwickfavorite@gmail.com",
      "ronsthebomb@levi0sa.com"
    ]
  },
  {
    "code": "weasley6",
    "lastName": " Ron",
    "firstName": "Weasley",
    "address": {
      "street": "654 The Burrow",
      "city": "Ottery St Catchpole",
      "state": "Devon",
      "zipcode": "England",
      "country": "98654"
    },
    "emails": [
      "ratsarentfriends@ouch.com"
    ]
  },
  {
    "secIdentifier": "sec762",
    "type": "J",
    "code": "1pm1ph",
    "lastName": " Firenze",
    "firstName": "Centaur",
    "address": {
      "street": "333 Forbidden Forest",
      "city": "Halifax",
      "state": "NS",
      "zipcode": "Canada",
      "country": "M5N 2W3"
    },
    "emails": [
      "notahalfbreed@ownspecies.com"
    ]
  },
  {
    "code": "durm1",
    "lastName": " Viktor",
    "firstName": "Krum",
    "address": {
      "street": "607 Durmstrang Institute",
      "city": "Sofia",
      "state": "Durmstrang",
      "zipcode": "Bulgaria",
      "country": "34522"
    },
    "emails": [
      
    ]
  },
  {
    "secIdentifier": "sec777",
    "type": "J",
    "code": "weasley7",
    "lastName": " Ginny",
    "firstName": "Weasley",
    "address": {
      "street": "706 Hogwarts Residential",
      "city": "Hogsmeade",
      "state": "MagicLand",
      "zipcode": "Scotland",
      "country": "78475"
    },
    "emails": [
      "num1redhead@hotmail.com",
      "DAforlyf3@order.com"
    ]
  },
  {
    "code": "voldie",
    "lastName": " Tom",
    "firstName": "Riddle",
    "address": {
      "street": "432 Secret Chamber",
      "city": "Dufftown",
      "state": "Banffshire",
      "zipcode": "Scotland",
      "country": "66666"
    },
    "emails": [
      "youknowwho@youknowwhere.com"
    ]
  },
  {
    "code": "b3sts0n",
    "lastName": " Draco",
    "firstName": "Malfoy",
    "address": {
      "street": "664 Malfoy Manor",
      "city": "Deatheaterville",
      "state": "Wiltshire",
      "zipcode": "England",
      "country": "21422"
    },
    "emails": [
      "ilovemydad@help.com"
    ]
  },
  {
    "code": "p819",
    "lastName": " Bill",
    "firstName": "O\u0027Reilley",
    "address": {
      "street": "5748 West America Boulevard",
      "city": "Rancho Cucamonga",
      "state": "CA",
      "zipcode": "USA",
      "country": "29670"
    },
    "emails": [
      "billy@oreilleyfactor.org"
    ]
  },
  {
    "secIdentifier": "sec830",
    "type": "E",
    "code": "mp1944",
    "lastName": " Sean",
    "firstName": "Hannity",
    "address": {
      "street": "3827 High Street",
      "city": "Fort Meyer",
      "state": "FL",
      "zipcode": "USA",
      "country": "37518"
    },
    "emails": [
      "shannity@foxnews.com"
    ]
  },
  {
    "code": "92ku",
    "lastName": " Rush",
    "firstName": "Limbaugh",
    "address": {
      "street": "195 North Patriot Avenue",
      "city": "Mizzoula",
      "state": "MO",
      "zipcode": "USA",
      "country": "83765"
    },
    "emails": [
      "radiofree@therealtruth.net"
    ]
  },
  {
    "secIdentifier": "sec554",
    "type": "J",
    "code": "3w8ss",
    "lastName": " Sarah",
    "firstName": "Palin",
    "address": {
      "street": "4832 Summers Street",
      "city": "Juneau",
      "state": "AK",
      "zipcode": "USA",
      "country": "45893"
    },
    "emails": [
      "icanseerussia@myhouse.gov"
    ]
  },
  {
    "code": "ck69",
    "lastName": " Leeanne",
    "firstName": "Coulter",
    "address": {
      "street": "1209 Winding Way",
      "city": "Westchester",
      "state": "PA",
      "zipcode": "USA",
      "country": "22793"
    },
    "emails": [
      "objective@reporting.net"
    ]
  },
  {
    "secIdentifier": "sec137",
    "type": "E",
    "code": "8eqd",
    "lastName": " Jim",
    "firstName": "Pinkerton",
    "address": {
      "street": "7896 Clifford Street",
      "city": "Rockford",
      "state": "CT",
      "zipcode": "USA",
      "country": "10101"
    },
    "emails": [
      "michaelj@fox.com"
    ]
  },
  {
    "code": "8th5",
    "lastName": " Trace",
    "firstName": "Ghallager",
    "address": {
      "street": "600 Orange Road",
      "city": "Bellevue",
      "state": "CA",
      "zipcode": "USA",
      "country": "29777"
    },
    "emails": [
      "tghags@enduringfreedom.com"
    ]
  },
  {
    "secIdentifier": "sec291",
    "type": "J",
    "code": "267s",
    "lastName": " John",
    "firstName": "Roberts",
    "address": {
      "street": "555 A Street",
      "city": "Township",
      "state": "ND",
      "zipcode": "USA",
      "country": "55555"
    },
    "emails": [
      "mynameis@generic.net"
    ]
  },
  {
    "secIdentifier": "sec915",
    "type": "E",
    "code": "9a5",
    "lastName": " Jacob",
    "firstName": "Melcher",
    "address": {
      "street": " 23708 Walnut Cir",
      "city": "Waterloo",
      "state": "NE",
      "zipcode": "USA",
      "country": "68069"
    },
    "emails": [
      "Melcher1211@yahoo.com"
    ]
  },
  {
    "code": "666",
    "lastName": " L.",
    "firstName": "Diablo",
    "address": {
      "street": "1 Hot Place",
      "city": "Las Cruces",
      "state": "NM",
      "zipcode": "USA",
      "country": "88001"
    },
    "emails": [
      "Diablo@ComcastSupport.com"
    ]
  },
  {
    "secIdentifier": "sec916",
    "type": "J",
    "code": "tall1",
    "lastName": " Ryan",
    "firstName": "Stiles",
    "address": {
      "street": "Some Place Cold",
      "city": "Ottawa",
      "state": "ON",
      "zipcode": "Canada",
      "country": "K1A 0G9"
    },
    "emails": [
      
    ]
  },
  {
    "secIdentifier": "sec1010",
    "type": "E",
    "code": "h0h0",
    "lastName": " Santa",
    "firstName": "Claus",
    "address": {
      "street": "101 St. Nicholas Drive",
      "city": "North Pole",
      "state": "AK",
      "zipcode": "USA",
      "country": "99705"
    },
    "emails": [
      "ManInRed@NorthPole.com"
    ]
  },
  {
    "code": "d1e",
    "lastName": " Grimm",
    "firstName": "Reaper",
    "address": {
      "street": "Hells Doors",
      "city": "Minneapolis",
      "state": "MN",
      "zipcode": "USA",
      "country": "55401"
    },
    "emails": [
      "FunScythe@aol.com"
    ]
  },
  {
    "secIdentifier": "sec105",
    "type": "J",
    "code": "haha",
    "lastName": " Drew",
    "firstName": "Carey",
    "address": {
      "street": "Funny Joke Lane",
      "city": "Cleveland",
      "state": "OH",
      "zipcode": "USA",
      "country": "44101"
    },
    "emails": [
      "WhoseLineIsItAnyways@aol.com",
      "BaldJokes@yahoo.com"
    ]
  },
  {
    "secIdentifier": "sec156",
    "type": "E",
    "code": "bald1",
    "lastName": " Colin",
    "firstName": "Mochrie",
    "address": {
      "street": "123 Oxford Road",
      "city": "Aylesbury",
      "state": "Buckinghamshire",
      "zipcode": "UK",
      "country": "HP19 3EQ"
    },
    "emails": [
      "Colin@Bald.com"
    ]
  },
  {
    "code": "nnee3",
    "lastName": " Wayne",
    "firstName": "Brady",
    "address": {
      "street": "15454 Rhodes Road",
      "city": "Columbus",
      "state": "GA",
      "zipcode": "USA",
      "country": "31917"
    },
    "emails": [
      
    ]
  }
]}